_id,genero,nome,registro
67ca17587f7d502d25f03522,male,Patrik,2003-10-17
67ca17587f7d502d25f03523,female,Yedda,2011-02-18
67ca17587f7d502d25f03524,male,Xavier,2013-02-21
67ca17587f7d502d25f03525,male,Stanley,2009-10-26
67ca17587f7d502d25f03526,female,Katalina,2010-08-06
67ca17587f7d502d25f03527,female,Thea,2012-12-07
67ca17587f7d502d25f03528,female,Fatma,2011-06-25
67ca17587f7d502d25f03529,female,Alexis,2012-06-21
67ca17587f7d502d25f0352a,female,زهرا,2014-01-01
67ca17587f7d502d25f0352b,male,Alexandre,2020-04-15
67ca17587f7d502d25f0352c,male,Martinho,2020-12-06
67ca17587f7d502d25f0352d,male,Isabel,2005-04-02
67ca17587f7d502d25f0352e,male,Conrado,2018-05-12
67ca17587f7d502d25f0352f,male,Rasmus,2019-03-14
67ca17587f7d502d25f03530,female,Stéphanie,2007-04-09
67ca17587f7d502d25f03531,female,Dena,2020-09-23
67ca17587f7d502d25f03532,female,Ruby,2017-01-09
67ca17587f7d502d25f03533,male,Louis,2008-05-27
67ca17587f7d502d25f03534,female,Naja,2002-08-23
67ca17587f7d502d25f03535,female,Vidyalaxmi,2005-09-28
67ca17587f7d502d25f03536,male,Umang,2011-01-13
67ca17587f7d502d25f03537,female,Jessica,2016-02-18
67ca17587f7d502d25f03538,female,Irina,2015-09-07
67ca17587f7d502d25f03539,female,Blanca,2017-03-30
67ca17587f7d502d25f0353a,male,Janko,2003-06-25
67ca17587f7d502d25f0353b,female,Dulce María,2015-09-04
67ca17587f7d502d25f0353c,male,علی رضا,2021-06-05
67ca17587f7d502d25f0353d,female,مهدیس,2006-07-23
67ca17587f7d502d25f0353e,male,Sander,2018-10-11
67ca17587f7d502d25f0353f,male,Giovanni,2020-07-23
67ca17587f7d502d25f03540,female,Sofia,2004-12-25
67ca17587f7d502d25f03541,female,Ava,2005-09-07
67ca17587f7d502d25f03542,female,مریم,2002-05-10
67ca17587f7d502d25f03543,female,Caroline,2015-11-09
67ca17587f7d502d25f03544,male,Clinton,2005-05-09
67ca17587f7d502d25f03545,female,Grishma,2019-01-20
67ca17587f7d502d25f03546,male,Villads,2021-11-10
67ca17587f7d502d25f03547,male,Edward,2007-07-01
67ca17587f7d502d25f03548,female,Sonia,2011-02-07
67ca17587f7d502d25f03549,male,Ege,2020-09-06
67ca17587f7d502d25f0354a,female,Naja,2021-09-22
67ca17587f7d502d25f0354b,female,Davinia,2003-08-19
67ca17587f7d502d25f0354c,female,Branka,2003-04-24
67ca17587f7d502d25f0354d,female,Olja,2009-02-14
67ca17587f7d502d25f0354e,female,Florence,2012-04-07
67ca17587f7d502d25f0354f,female,Justine,2004-10-17
67ca17587f7d502d25f03550,female,Isabelle,2021-01-10
67ca17587f7d502d25f03551,female,Victoria,2016-06-17
67ca17587f7d502d25f03552,female,Zoe,2010-06-01
67ca17587f7d502d25f03553,male,Aleksi,2018-03-01
67ca17587f7d502d25f03554,female,Shanaya,2011-02-28
67ca17587f7d502d25f03555,male,Francisco Javier,2018-11-18
67ca17587f7d502d25f03556,female,Tanya,2003-11-07
67ca17587f7d502d25f03557,female,Hulya,2009-09-27
67ca17587f7d502d25f03558,female,Kaitlin,2013-12-04
67ca17587f7d502d25f03559,male,Antwan,2015-10-16
67ca17587f7d502d25f0355a,female,Brooke,2002-09-09
67ca17587f7d502d25f0355b,female,Silje,2017-09-18
67ca17587f7d502d25f0355c,male,Vedat,2005-04-17
67ca17587f7d502d25f0355d,male,ماهان,2004-08-05
67ca17587f7d502d25f0355e,male,Bassarme,2004-08-15
67ca17587f7d502d25f0355f,male,David,2018-05-06
67ca17587f7d502d25f03560,female,Victoria,2010-11-12
67ca17587f7d502d25f03561,male,Necati,2017-05-06
67ca17587f7d502d25f03562,female,Irene,2021-11-13
67ca17587f7d502d25f03563,female,Alba,2003-10-02
67ca17587f7d502d25f03564,female,Wendy,2013-03-17
67ca17587f7d502d25f03565,male,اميرعلي,2011-06-09
67ca17587f7d502d25f03566,female,Maëlyne,2002-09-26
67ca17587f7d502d25f03567,male,Orlando,2013-10-02
67ca17587f7d502d25f03568,male,Xavier,2009-02-24
67ca17587f7d502d25f03569,female,Lumi,2008-01-21
67ca17587f7d502d25f0356a,male,Oliver,2010-07-24
67ca17587f7d502d25f0356b,male,Same,2011-03-31
67ca17587f7d502d25f0356c,female,Amelia,2007-01-22
67ca17587f7d502d25f0356d,female,Sylvie,2016-02-01
67ca17587f7d502d25f0356e,male,Jacob,2015-07-02
67ca17587f7d502d25f0356f,male,Çetin,2010-12-02
67ca17587f7d502d25f03570,female,Ömür,2020-12-24
67ca17587f7d502d25f03571,female,Emily,2016-05-20
67ca17587f7d502d25f03572,female,Marta,2020-12-12
67ca17587f7d502d25f03573,male,Antonio,2021-03-30
67ca17587f7d502d25f03574,female,Laura,2016-02-07
67ca17587f7d502d25f03575,male,Pedro,2006-09-22
67ca17587f7d502d25f03576,female,Ivana,2013-10-05
67ca17587f7d502d25f03577,male,Jared,2019-01-01
67ca17587f7d502d25f03578,female,Harper,2010-08-21
67ca17587f7d502d25f03579,male,Simon,2005-07-15
67ca17587f7d502d25f0357a,male,Martín,2014-02-27
67ca17587f7d502d25f0357b,male,Steve,2010-09-30
67ca17587f7d502d25f0357c,male,Nino,2016-06-05
67ca17587f7d502d25f0357d,male,Benito,2009-01-25
67ca17587f7d502d25f0357e,female,Avery,2008-01-27
67ca17587f7d502d25f0357f,female,باران,2009-12-06
67ca17587f7d502d25f03580,female,Stanislava,2004-08-18
67ca17587f7d502d25f03581,female,Glafira,2009-05-25
67ca17587f7d502d25f03582,male,Hugo,2015-07-17
67ca17587f7d502d25f03583,female,Afet,2018-05-31
67ca17587f7d502d25f03584,female,Siiri,2021-06-03
67ca17587f7d502d25f03585,male,Sander,2020-05-26
67ca17587f7d502d25f03586,male,Vicente,2020-10-08
67ca17587f7d502d25f03587,female,Sayali,2005-09-15
67ca17587f7d502d25f03588,female,Kübra,2014-09-17
67ca17587f7d502d25f03589,male,Grigorije,2008-04-19
67ca17587f7d502d25f0358a,female,Joëlla,2003-06-23
67ca17587f7d502d25f0358b,female,Angela,2016-02-20
67ca17587f7d502d25f0358c,male,George,2019-08-23
67ca17587f7d502d25f0358d,male,Terrence,2015-04-16
67ca17587f7d502d25f0358e,male,Levko,2004-03-13
67ca17587f7d502d25f0358f,female,Meral,2004-06-13
67ca17587f7d502d25f03590,male,Roman,2022-04-26
67ca17587f7d502d25f03591,female,Nicol,2013-11-25
67ca17587f7d502d25f03592,female,Vilma,2012-02-05
67ca17587f7d502d25f03593,female,Beatrice,2015-09-17
67ca17587f7d502d25f03594,female,آرمیتا,2016-02-25
67ca17587f7d502d25f03595,female,Maya,2010-12-17
67ca17587f7d502d25f03596,male,German,2005-03-17
67ca17587f7d502d25f03597,female,Alexis,2007-05-06
67ca17587f7d502d25f03598,female,Annelise,2004-12-08
67ca17587f7d502d25f03599,male,Pablo,2015-03-15
67ca17587f7d502d25f0359a,male,Blake,2020-03-23
67ca17587f7d502d25f0359b,female,Melissa,2004-06-11
67ca17587f7d502d25f0359c,male,Peter,2017-05-28
67ca17587f7d502d25f0359d,male,Vlade,2006-08-03
67ca17587f7d502d25f0359e,male,Momčilo,2015-07-25
67ca17587f7d502d25f0359f,female,Bibian,2018-03-30
67ca17587f7d502d25f035a0,female,Rose,2017-01-16
67ca17587f7d502d25f035a1,male,Theodore,2014-04-13
67ca17587f7d502d25f035a2,male,Freddie,2020-12-05
67ca17587f7d502d25f035a3,male,Camilo,2020-12-28
67ca17587f7d502d25f035a4,male,Golubko,2006-08-22
67ca17587f7d502d25f035a5,male,Klaus-Michael,2019-04-10
67ca17587f7d502d25f035a6,female,Alexa,2012-05-01
67ca17587f7d502d25f035a7,male,Freddie,2009-03-22
67ca17587f7d502d25f035a8,male,Diego,2022-02-18
67ca17587f7d502d25f035a9,female,Nurdan,2016-01-04
67ca17587f7d502d25f035aa,female,Özsu,2011-07-23
67ca17587f7d502d25f035ab,female,Cassandra,2006-03-31
67ca17587f7d502d25f035ac,female,Brankica,2003-05-11
67ca17587f7d502d25f035ad,female,Nella,2012-09-29
67ca17587f7d502d25f035ae,male,Manthan,2006-08-13
67ca17587f7d502d25f035af,male,Binck,2021-10-23
67ca17587f7d502d25f035b0,female,Brandie,2015-06-20
67ca17587f7d502d25f035b1,male,Corey,2022-02-21
67ca17587f7d502d25f035b2,male,Gautam,2019-04-14
67ca17587f7d502d25f035b3,male,Alfred,2003-11-25
67ca17587f7d502d25f035b4,male,Akseli,2004-12-08
67ca17587f7d502d25f035b5,female,Adriana,2009-03-30
67ca17587f7d502d25f035b6,male,Mateja,2013-01-10
67ca17587f7d502d25f035b7,female,Brita,2003-09-21
67ca17587f7d502d25f035b8,male,Marc,2014-04-07
67ca17587f7d502d25f035b9,male,Gottlob,2008-02-29
67ca17587f7d502d25f035ba,female,Linnea,2003-01-01
67ca17587f7d502d25f035bb,male,Shawn,2018-12-19
67ca17587f7d502d25f035bc,male,Ognjen,2018-04-10
67ca17587f7d502d25f035bd,male,Marcus,2012-12-13
67ca17587f7d502d25f035be,female,Jayla,2019-12-24
67ca17587f7d502d25f035bf,male,Tomothy,2018-11-25
67ca17587f7d502d25f035c0,female,Tanvi,2008-03-01
67ca17587f7d502d25f035c1,female,Concepción,2003-04-17
67ca17587f7d502d25f035c2,male,Nooa,2005-02-08
67ca17587f7d502d25f035c3,male,Augustin,2021-05-25
67ca17587f7d502d25f035c4,female,Chloe,2014-02-07
67ca17587f7d502d25f035c5,female,Mirjana,2012-08-27
67ca17587f7d502d25f035c6,female,Isla,2018-05-01
67ca17587f7d502d25f035c7,female,Keya,2013-09-08
67ca17587f7d502d25f035c8,female,Pinja,2007-08-28
67ca17587f7d502d25f035c9,male,Leon,2014-12-05
67ca17587f7d502d25f035ca,female,Peyton,2011-06-27
67ca17587f7d502d25f035cb,female,Lesa,2019-06-27
67ca17587f7d502d25f035cc,female,Hedvig,2019-07-16
67ca17587f7d502d25f035cd,female,Fabiola,2021-05-26
67ca17587f7d502d25f035ce,male,Daniel,2009-01-20
67ca17587f7d502d25f035cf,male,Dylan,2015-05-03
67ca17587f7d502d25f035d0,male,Reyansh,2019-04-25
67ca17587f7d502d25f035d1,female,Elli,2018-12-02
67ca17587f7d502d25f035d2,female,Alison,2007-06-05
67ca17587f7d502d25f035d3,female,Suzanna,2003-10-29
67ca17587f7d502d25f035d4,female,Elen,2004-12-15
67ca17587f7d502d25f035d5,female,Natividad,2019-12-10
67ca17587f7d502d25f035d6,female,Isabelle,2007-12-05
67ca17587f7d502d25f035d7,female,Nicole,2017-08-23
67ca17587f7d502d25f035d8,female,Nevena,2007-03-03
67ca17587f7d502d25f035d9,female,Ella,2008-07-31
67ca17587f7d502d25f035da,female,Claudia,2013-09-04
67ca17587f7d502d25f035db,female,Herminia,2003-04-11
67ca17587f7d502d25f035dc,female,Jade,2012-08-11
67ca17587f7d502d25f035dd,male,آرش,2004-12-25
67ca17587f7d502d25f035de,male,Corentin,2003-12-01
67ca17587f7d502d25f035df,female,Violeta,2016-05-15
67ca17587f7d502d25f035e0,female,نازنین,2009-12-22
67ca17587f7d502d25f035e1,male,Salvador,2019-01-16
67ca17587f7d502d25f035e2,female,Noélie,2010-09-04
67ca17587f7d502d25f035e3,female,Gládis,2022-01-10
67ca17587f7d502d25f035e4,female,Verica,2015-05-03
67ca17587f7d502d25f035e5,male,Necati,2010-09-28
67ca17587f7d502d25f035e6,female,Milja,2013-09-24
67ca17587f7d502d25f035e7,female,Lucía,2004-01-08
67ca17587f7d502d25f035e8,female,Michelle,2021-06-19
67ca17587f7d502d25f035e9,female,Aubrey,2010-11-02
67ca17587f7d502d25f035ea,male,Brativoy,2008-02-25
67ca17587f7d502d25f035eb,female,Helienay,2008-11-19
67ca17587f7d502d25f035ec,female,Claire,2019-10-15
67ca17587f7d502d25f035ed,female,Zoe,2018-10-08
67ca17587f7d502d25f035ee,female,Yasemin,2016-01-07
67ca17587f7d502d25f035ef,female,Galina,2009-02-25
67ca17587f7d502d25f035f0,male,Tino,2008-05-23
67ca17587f7d502d25f035f1,female,بهار,2017-09-09
67ca17587f7d502d25f035f2,female,Bratislava,2007-06-22
67ca17587f7d502d25f035f3,female,Angela,2004-06-08
67ca17587f7d502d25f035f4,female,Ivy,2009-12-19
67ca17587f7d502d25f035f5,male,محمدامين,2003-07-02
67ca17587f7d502d25f035f6,male,Gianfranco,2010-11-04
67ca17587f7d502d25f035f7,female,Catharina,2006-12-30
67ca17587f7d502d25f035f8,female,Yolanda,2005-07-04
67ca17587f7d502d25f035f9,male,Espartaco,2020-05-10
67ca17587f7d502d25f035fa,female,Rena,2006-06-16
67ca17587f7d502d25f035fb,female,Ofelia,2011-03-15
67ca17587f7d502d25f035fc,female,Fatma,2007-10-28
67ca17587f7d502d25f035fd,male,Efe,2007-04-04
67ca17587f7d502d25f035fe,female,Sheryl,2015-04-03
67ca17587f7d502d25f035ff,male,Jorge Luis,2021-11-13
67ca17587f7d502d25f03600,male,Gael,2018-11-29
67ca17587f7d502d25f03601,male,Valdemar,2022-01-28
67ca17587f7d502d25f03602,female,Malin,2005-04-11
67ca17587f7d502d25f03603,female,Karina,2005-04-22
67ca17587f7d502d25f03604,male,Daniel,2013-12-24
67ca17587f7d502d25f03605,female,Celia,2018-08-07
67ca17587f7d502d25f03606,female,Mileah,2021-07-29
67ca17587f7d502d25f03607,male,Coşkun,2013-12-06
67ca17587f7d502d25f03608,female,Pippa,2019-07-18
67ca17587f7d502d25f03609,female,Elin,2014-02-13
67ca17587f7d502d25f0360a,female,Carole,2004-06-03
67ca17587f7d502d25f0360b,female,Abigail,2004-08-01
67ca17587f7d502d25f0360c,male,Dragutin,2016-09-26
67ca17587f7d502d25f0360d,female,سارا,2017-04-05
67ca17587f7d502d25f0360e,female,Julia,2007-04-18
67ca17587f7d502d25f0360f,male,Alexis,2021-09-10
67ca17587f7d502d25f03610,male,Sander,2019-09-27
67ca17587f7d502d25f03611,male,Cameron,2014-09-23
67ca17587f7d502d25f03612,male,Joanikije,2010-12-16
67ca17587f7d502d25f03613,female,Linnea,2022-05-20
67ca17587f7d502d25f03614,male,Lorenzo,2002-08-28
67ca17587f7d502d25f03615,male,Karl,2015-02-02
67ca17587f7d502d25f03616,female,Ellen,2022-01-11
67ca17587f7d502d25f03617,male,Abel,2021-11-18
67ca17587f7d502d25f03618,female,Annieck,2014-04-10
67ca17587f7d502d25f03619,male,Yasnozir,2016-09-11
67ca17587f7d502d25f0361a,female,Camille,2019-03-29
67ca17587f7d502d25f0361b,female,Peggy,2021-04-16
67ca17587f7d502d25f0361c,male,James,2013-06-07
67ca17587f7d502d25f0361d,male,Vladislav,2012-09-19
67ca17587f7d502d25f0361e,male,Robin,2022-04-04
67ca17587f7d502d25f0361f,male,مهراد,2013-07-11
67ca17587f7d502d25f03620,male,Živorad,2020-06-29
67ca17587f7d502d25f03621,male,Herbert,2019-01-19
67ca17587f7d502d25f03622,female,Piper,2008-12-16
67ca17587f7d502d25f03623,female,Shrishti,2011-11-28
67ca17587f7d502d25f03624,female,Heather,2009-01-27
67ca17587f7d502d25f03625,female,Milla,2017-02-28
67ca17587f7d502d25f03626,female,محیا,2002-09-30
67ca17587f7d502d25f03627,female,Helin,2018-06-20
67ca17587f7d502d25f03628,male,Connor,2015-08-31
67ca17587f7d502d25f03629,female,Monika,2022-03-12
67ca17587f7d502d25f0362a,male,Leo,2008-01-03
67ca17587f7d502d25f0362b,female,Waltraut,2009-10-20
67ca17587f7d502d25f0362c,male,Raul,2013-08-27
67ca17587f7d502d25f0362d,male,Cory,2019-10-22
67ca17587f7d502d25f0362e,female,Millie,2021-07-04
67ca17587f7d502d25f0362f,male,Rodoslav,2013-11-09
67ca17587f7d502d25f03630,male,Bratislav,2011-07-24
67ca17587f7d502d25f03631,male,Serhan,2017-01-06
67ca17587f7d502d25f03632,male,حسین,2015-03-17
67ca17587f7d502d25f03633,female,Nicole,2013-04-03
67ca17587f7d502d25f03634,male,Hugo,2013-02-26
67ca17587f7d502d25f03635,male,Tibério,2014-08-24
67ca17587f7d502d25f03636,male,Nathan,2006-06-10
67ca17587f7d502d25f03637,female,Nurdan,2010-03-11
67ca17587f7d502d25f03638,female,Roza,2003-12-26
67ca17587f7d502d25f03639,male,Dar,2019-12-08
67ca17587f7d502d25f0363a,female,Sophie,2022-03-19
67ca17587f7d502d25f0363b,male,Cooper,2006-02-22
67ca17587f7d502d25f0363c,male,Eliah,2015-07-01
67ca17587f7d502d25f0363d,male,Aapo,2007-06-22
67ca17587f7d502d25f0363e,female,Dinorá,2013-07-08
67ca17587f7d502d25f0363f,female,Andrea,2002-10-13
67ca17587f7d502d25f03640,female,Sharon,2011-12-08
67ca17587f7d502d25f03641,female,Umbertina,2014-07-30
67ca17587f7d502d25f03642,male,Alexander,2016-04-19
67ca17587f7d502d25f03643,male,آریا,2007-09-29
67ca17587f7d502d25f03644,male,Clésio,2021-12-06
67ca17587f7d502d25f03645,male,Jorge Luis,2009-04-25
67ca17587f7d502d25f03646,male,Dominic,2006-03-11
67ca17587f7d502d25f03647,male,Gabriel,2004-11-21
67ca17587f7d502d25f03648,female,Eirill,2011-02-05
67ca17587f7d502d25f03649,female,Natalia,2014-03-18
67ca17587f7d502d25f0364a,female,Sonika,2009-11-22
67ca17587f7d502d25f0364b,female,Matty,2016-11-09
67ca17587f7d502d25f0364c,male,Emmett,2021-09-12
67ca17587f7d502d25f0364d,female,Rosária,2016-08-11
67ca17587f7d502d25f0364e,male,Radojko,2018-08-27
67ca17587f7d502d25f0364f,male,Gaspard,2003-03-15
67ca17587f7d502d25f03650,female,Ružica,2014-05-17
67ca17587f7d502d25f03651,male,Ferenc,2011-07-24
67ca17587f7d502d25f03652,male,Atanasije,2007-04-27
67ca17587f7d502d25f03653,male,Hugo,2012-10-21
67ca17587f7d502d25f03654,male,Darko,2004-04-14
67ca17587f7d502d25f03655,male,Jason,2010-10-16
67ca17587f7d502d25f03656,male,Zackary,2009-11-08
67ca17587f7d502d25f03657,female,Jo-Anne,2019-03-02
67ca17587f7d502d25f03658,female,Meret,2011-08-12
67ca17587f7d502d25f03659,female,Josefa,2018-01-28
67ca17587f7d502d25f0365a,male,Louis,2022-02-07
67ca17587f7d502d25f0365b,female,Carlota,2006-11-17
67ca17587f7d502d25f0365c,male,Rachit,2017-02-03
67ca17587f7d502d25f0365d,female,Artje,2021-11-03
67ca17587f7d502d25f0365e,female,Helene,2010-12-17
67ca17587f7d502d25f0365f,male,Samuel,2013-08-29
67ca17587f7d502d25f03660,male,Nihal,2017-06-01
67ca17587f7d502d25f03661,female,ثنا,2015-04-02
67ca17587f7d502d25f03662,male,Xavier,2019-11-04
67ca17587f7d502d25f03663,male,Velimir,2004-02-25
67ca17587f7d502d25f03664,male,Robert,2015-07-29
67ca17587f7d502d25f03665,male,Morris,2011-04-07
67ca17587f7d502d25f03666,male,Kenzo,2017-09-13
67ca17587f7d502d25f03667,female,Holly,2008-09-26
67ca17587f7d502d25f03668,male,Louis,2018-04-26
67ca17587f7d502d25f03669,female,Clara,2022-05-23
67ca17587f7d502d25f0366a,female,Adela,2015-01-07
67ca17587f7d502d25f0366b,female,Camille,2018-12-09
67ca17587f7d502d25f0366c,male,Horacio,2021-12-29
67ca17587f7d502d25f0366d,male,Nick,2009-10-09
67ca17587f7d502d25f0366e,male,Kristijan,2007-06-20
67ca17587f7d502d25f0366f,male,Ryan,2021-10-27
67ca17587f7d502d25f03670,male,Dylan,2011-09-26
67ca17587f7d502d25f03671,male,Hipólito,2006-08-06
67ca17587f7d502d25f03672,male,Đorđe,2014-12-16
67ca17587f7d502d25f03673,male,Henry,2003-08-27
67ca17587f7d502d25f03674,male,Vittorio,2018-06-07
67ca17587f7d502d25f03675,male,Oscar,2020-06-25
67ca17587f7d502d25f03676,male,Fidel,2002-11-23
67ca17587f7d502d25f03677,female,Esperanza,2020-11-19
67ca17587f7d502d25f03678,male,Dragutin,2016-10-26
67ca17587f7d502d25f03679,male,Joel,2011-08-28
67ca17587f7d502d25f0367a,male,Slaven,2009-01-25
67ca17587f7d502d25f0367b,female,Elizabeth,2013-01-17
67ca17587f7d502d25f0367c,male,Aloys,2007-09-13
67ca17587f7d502d25f0367d,male,رهام,2014-03-23
67ca17587f7d502d25f0367e,female,Amanda,2008-09-20
67ca17587f7d502d25f0367f,male,Devon,2016-09-08
67ca17587f7d502d25f03680,male,Leone,2017-02-01
67ca17587f7d502d25f03681,female,Phoebe,2020-05-16
67ca17587f7d502d25f03682,male,Yarchik,2016-11-15
67ca17587f7d502d25f03683,male,Idhant,2016-01-14
67ca17587f7d502d25f03684,female,سارا,2002-10-16
67ca17587f7d502d25f03685,male,Bas,2021-09-04
67ca17587f7d502d25f03686,male,Arnold,2015-02-19
67ca17587f7d502d25f03687,female,Ángeles,2008-05-20
67ca17587f7d502d25f03688,female,Izzie,2007-05-11
67ca17587f7d502d25f03689,female,Vicky,2004-01-16
67ca17587f7d502d25f0368a,female,Claudine,2019-03-24
67ca17587f7d502d25f0368b,male,Isaac,2014-04-16
67ca17587f7d502d25f0368c,female,Sonia,2013-08-11
67ca17587f7d502d25f0368d,female,Freja,2016-01-17
67ca17587f7d502d25f0368e,male,Perry,2016-12-15
67ca17587f7d502d25f0368f,male,Mike,2008-01-08
67ca17587f7d502d25f03690,female,Ülkü,2020-03-27
67ca17587f7d502d25f03691,female,Hildebranda,2007-03-24
67ca17587f7d502d25f03692,male,Diego,2017-06-17
67ca17587f7d502d25f03693,male,Valtteri,2003-10-19
67ca17587f7d502d25f03694,male,Philippe,2015-07-14
67ca17587f7d502d25f03695,female,Milena,2011-02-03
67ca17587f7d502d25f03696,male,Stoymir,2014-04-18
67ca17587f7d502d25f03697,male,Toby,2016-10-10
67ca17587f7d502d25f03698,female,Chloe,2014-11-18
67ca17587f7d502d25f03699,female,Lada,2011-05-26
67ca17587f7d502d25f0369a,female,Simona,2011-07-02
67ca17587f7d502d25f0369b,male,Antoine,2004-06-21
67ca17587f7d502d25f0369c,male,Hans-Erich,2015-10-03
67ca17587f7d502d25f0369d,male,Peter,2004-10-30
67ca17587f7d502d25f0369e,male,Francis,2017-06-26
67ca17587f7d502d25f0369f,female,Adriana,2004-12-31
67ca17587f7d502d25f036a0,female,Virgínia,2004-04-25
67ca17587f7d502d25f036a1,male,Vedat,2008-11-27
67ca17587f7d502d25f036a2,male,Jesse,2004-10-28
67ca17587f7d502d25f036a3,female,Begüm,2018-12-19
67ca17587f7d502d25f036a4,male,Tvorislav,2009-01-09
67ca17587f7d502d25f036a5,male,Ivan,2004-10-19
67ca17587f7d502d25f036a6,male,Elias,2018-04-26
67ca17587f7d502d25f036a7,female,Saana,2016-04-04
67ca17587f7d502d25f036a8,male,Coşkun,2010-01-06
67ca17587f7d502d25f036a9,male,Mylan,2006-09-08
67ca17587f7d502d25f036aa,female,Ella,2021-02-06
67ca17587f7d502d25f036ab,male,Matias,2007-11-07
67ca17587f7d502d25f036ac,male,Jean-François,2017-05-15
67ca17587f7d502d25f036ad,female,Isobel,2010-01-11
67ca17587f7d502d25f036ae,female,Isabella,2018-04-11
67ca17587f7d502d25f036af,female,Frida,2002-04-06
67ca17587f7d502d25f036b0,female,Freya,2006-06-20
67ca17587f7d502d25f036b1,male,Wayne,2014-12-04
67ca17587f7d502d25f036b2,female,Tammy,2006-10-15
67ca17587f7d502d25f036b3,male,Jayaraj,2006-01-07
67ca17587f7d502d25f036b4,female,Ava,2002-04-19
67ca17587f7d502d25f036b5,male,Milo,2003-01-24
67ca17587f7d502d25f036b6,male,Alan,2014-02-10
67ca17587f7d502d25f036b7,female,Marsha,2021-05-05
67ca17587f7d502d25f036b8,female,نازنین,2021-02-20
67ca17587f7d502d25f036b9,male,عباس,2007-07-07
67ca17587f7d502d25f036ba,female,Erin,2020-02-06
67ca17587f7d502d25f036bb,male,Marius,2013-10-06
67ca17587f7d502d25f036bc,female,Karla,2010-02-21
67ca17587f7d502d25f036bd,female,Zvenislava,2009-12-23
67ca17587f7d502d25f036be,male,Alexander,2017-04-21
67ca17587f7d502d25f036bf,male,آرش,2021-05-28
67ca17587f7d502d25f036c0,male,Tommy,2019-12-16
67ca17587f7d502d25f036c1,male,Ludvig,2005-08-12
67ca17587f7d502d25f036c2,male,Manfred,2009-05-12
67ca17587f7d502d25f036c3,male,Henry,2006-06-26
67ca17587f7d502d25f036c4,female,Agathe,2011-05-31
67ca17587f7d502d25f036c5,female,Madeleine,2008-07-29
67ca17587f7d502d25f036c6,female,Carmen,2005-04-15
67ca17587f7d502d25f036c7,female,Silje,2009-09-07
67ca17587f7d502d25f036c8,male,Eino,2021-09-20
67ca17587f7d502d25f036c9,male,Sancho,2019-07-16
67ca17587f7d502d25f036ca,female,Rathi,2019-10-15
67ca17587f7d502d25f036cb,female,Prithvi,2020-03-01
67ca17587f7d502d25f036cc,female,Katrine,2006-07-28
67ca17587f7d502d25f036cd,female,Lily,2020-10-15
67ca17587f7d502d25f036ce,male,Christian,2012-09-13
67ca17587f7d502d25f036cf,male,Ángel,2020-11-12
67ca17587f7d502d25f036d0,male,Landon,2003-05-17
67ca17587f7d502d25f036d1,male,Raul,2013-05-13
67ca17587f7d502d25f036d2,female,Caitlin,2003-12-10
67ca17587f7d502d25f036d3,male,Paolo,2014-04-17
67ca17587f7d502d25f036d4,female,Vitalina,2009-04-07
67ca17587f7d502d25f036d5,male,Joona,2022-03-28
67ca17587f7d502d25f036d6,female,Julija,2021-11-17
67ca17587f7d502d25f036d7,male,Milenko,2007-02-22
67ca17587f7d502d25f036d8,female,Emily,2003-01-08
67ca17587f7d502d25f036d9,male,Joel,2016-01-01
67ca17587f7d502d25f036da,female,Julia,2006-09-29
67ca17587f7d502d25f036db,female,آنیتا,2007-04-27
67ca17587f7d502d25f036dc,female,Selma,2005-01-10
67ca17587f7d502d25f036dd,female,Signe,2008-03-25
67ca17587f7d502d25f036de,female,Leposava,2010-07-31
67ca17587f7d502d25f036df,female,Inger,2008-11-13
67ca17587f7d502d25f036e0,female,Viridiana,2003-11-16
67ca17587f7d502d25f036e1,male,Jens,2021-04-04
67ca17587f7d502d25f036e2,male,Raunak,2013-04-05
67ca17587f7d502d25f036e3,male,علی رضا,2014-08-18
67ca17587f7d502d25f036e4,male,ایلیا,2013-01-14
67ca17587f7d502d25f036e5,male,Alexander,2018-12-05
67ca17587f7d502d25f036e6,male,Raul,2018-10-29
67ca17587f7d502d25f036e7,female,Suzanne,2006-04-25
67ca17587f7d502d25f036e8,male,Damian,2020-07-12
67ca17587f7d502d25f036e9,male,Tobias,2019-10-17
67ca17587f7d502d25f036ea,male,Domingo,2009-04-25
67ca17587f7d502d25f036eb,female,Carol,2004-07-30
67ca17587f7d502d25f036ec,female,Katherina,2004-09-06
67ca17587f7d502d25f036ed,female,Akshita,2020-04-04
67ca17587f7d502d25f036ee,male,Orrin,2016-11-25
67ca17587f7d502d25f036ef,male,Oliver,2017-08-03
67ca17587f7d502d25f036f0,female,Nora,2013-01-23
67ca17587f7d502d25f036f1,male,Matthew,2017-05-19
67ca17587f7d502d25f036f2,male,Hans-Otto,2019-09-03
67ca17587f7d502d25f036f3,male,Leo,2004-03-29
67ca17587f7d502d25f036f4,male,Alexandre,2004-11-06
67ca17587f7d502d25f036f5,male,Davut,2018-10-20
67ca17587f7d502d25f036f6,female,Julie,2015-09-24
67ca17587f7d502d25f036f7,female,Ira,2017-09-18
67ca17587f7d502d25f036f8,female,Freya,2014-12-14
67ca17587f7d502d25f036f9,female,Ethel,2017-01-10
67ca17587f7d502d25f036fa,female,Aglayida,2020-01-31
67ca17587f7d502d25f036fb,male,بنیامین,2016-06-28
67ca17587f7d502d25f036fc,male,Adam,2015-12-11
67ca17587f7d502d25f036fd,female,Alyssia,2003-07-25
67ca17587f7d502d25f036fe,female,Margrith,2013-10-14
67ca17587f7d502d25f036ff,female,Ana,2011-01-06
67ca17587f7d502d25f03700,male,Babür,2006-10-18
67ca17587f7d502d25f03701,female,Alette,2020-11-15
67ca17587f7d502d25f03702,male,Maxence,2016-11-19
67ca17587f7d502d25f03703,male,Lee,2021-02-21
67ca17587f7d502d25f03704,male,Joël,2004-02-26
67ca17587f7d502d25f03705,female,Maaike,2003-02-26
67ca17587f7d502d25f03706,female,Olivia,2002-06-29
67ca17587f7d502d25f03707,female,Lærke,2011-09-21
67ca17587f7d502d25f03708,male,Álvaro,2008-09-25
67ca17587f7d502d25f03709,male,Karim,2016-01-10
67ca17587f7d502d25f0370a,male,Joshua,2017-05-09
67ca17587f7d502d25f0370b,male,Kent,2002-09-06
67ca17587f7d502d25f0370c,female,Charlotte,2011-07-27
67ca17587f7d502d25f0370d,female,Marlene,2020-06-22
67ca17587f7d502d25f0370e,female,Malin,2003-08-19
67ca17587f7d502d25f0370f,female,Stephanie,2009-05-26
67ca17587f7d502d25f03710,male,Nikolaj,2003-03-30
67ca17587f7d502d25f03711,male,Jaime,2003-01-23
67ca17587f7d502d25f03712,female,Olive,2017-06-29
67ca17587f7d502d25f03713,male,Clifton,2020-10-10
67ca17587f7d502d25f03714,male,Markas,2002-06-12
67ca17587f7d502d25f03715,female,Addison,2019-01-27
